kind,method,url_path,file_path,referenced_by_count,references_sample,notes
"layout","-","/","(marketing)/layout.tsx","-","",""
"layout","-","/","layout.tsx","-","",""
"page","-","/","(marketing)/page.tsx","-","",""
"route_group","-","/","(marketing)","-","","route group"
"page","-","/about","(marketing)/about/page.tsx","2","src/components/marketing/MarketingFooter.tsx:8:  { href: '/about', label: 'À propos' }, || src/app/sitemap.ts:10:  '/about',",""
"api","PATCH","/api/account/password","src/app/api/account/password/route.ts","1","src/app/app/account/security/page.tsx:55:      '/api/account/password',",""
"api","GET|PATCH","/api/account/preferences","src/app/api/account/preferences/route.ts","3","src/app/register/page.tsx:29:    await fetch('/api/account/preferences', { || src/app/app/account/preferences/page.tsx:28:      const res = await fetchJson<Prefs>('/api/account/preferences', {}, controller.signal); || src/app/app/account/preferences/page.tsx:45:      '/api/account/preferences',",""
"api","PATCH","/api/account/profile","src/app/api/account/profile/route.ts","1","src/app/app/account/profile/page.tsx:84:      '/api/account/profile',",""
"api","POST","/api/auth/login","src/app/api/auth/login/route.ts","1","src/app/login/LoginForm.tsx:57:      const response = await fetch('/api/auth/login', {",""
"api","POST","/api/auth/logout","src/app/api/auth/logout/route.ts","1","src/app/app/account/page.tsx:82:      const res = await fetch('/api/auth/logout', { method: 'POST', credentials: 'include' });",""
"api","GET","/api/auth/me","src/app/api/auth/me/route.ts","6","src/app/app/page.tsx:76:        const res = await fetch('/api/auth/me', { credentials: 'include', signal: ctrl.signal }); || src/app/app/account/profile/page.tsx:52:      const res = await fetchJson<MeResponse>('/api/auth/me', {}, controller.signal); || src/app/app/account/security/page.tsx:32:      const res = await fetchJson<MeResponse>('/api/auth/me', {}, controller.signal);",""
"api","POST","/api/auth/register","src/app/api/auth/register/route.ts","1","src/app/register/page.tsx:52:      const response = await fetch('/api/auth/register', {",""
"api","POST","/api/dev/seed","src/app/api/dev/seed/route.ts","0","",""
"api","GET","/api/favicon","src/app/api/favicon/route.ts","1","src/lib/website.ts:32:    return `/api/favicon?url=${encodeURIComponent(normalized)}`;",""
"api","GET","/api/health","src/app/api/health/route.ts","0","",""
"api","GET","/api/logo","src/app/api/logo/route.ts","4","src/components/pro/ProDashboard.tsx:337:  const src = normalized ? `/api/logo?url=${encodeURIComponent(normalized)}` : null; || src/components/pro/LogoAvatar.tsx:15: * Always use /api/logo, square container, object-contain, and fall back to initials. || src/components/pro/LogoAvatar.tsx:22:  const src = normalized ? `/api/logo?url=${encodeURIComponent(normalized)}` : null;",""
"api","GET|POST","/api/personal/accounts","src/app/api/personal/accounts/route.ts","4","src/app/app/personal/comptes/page.tsx:109:      const res = await fetch('/api/personal/accounts', { credentials: 'include' }); || src/app/app/personal/comptes/page.tsx:172:      const res = await fetch('/api/personal/accounts', { || src/app/app/personal/comptes/[accountId]/page.tsx:75:      const aRes = await fetch(`/api/personal/accounts/${encodeURIComponent(accountId)}`, {",""
"api","GET","/api/personal/accounts/[accountId]","src/app/api/personal/accounts/[accountId]/route.ts","1","src/app/app/personal/comptes/[accountId]/page.tsx:75:      const aRes = await fetch(`/api/personal/accounts/${encodeURIComponent(accountId)}`, {",""
"api","GET","/api/personal/categories","src/app/api/personal/categories/route.ts","1","src/app/app/personal/transactions/page.tsx:300:      const res = await fetch('/api/personal/categories', { credentials: 'include' });",""
"api","GET","/api/personal/summary","src/app/api/personal/summary/route.ts","3","src/app/app/page.tsx:103:        const res = await fetch('/api/personal/summary', { credentials: 'include', signal: ctrl.signal }); || src/app/api/personal/summary/route.ts:1:// src/app/api/personal/summary/route.ts || src/app/app/personal/page.tsx:71:      const res = await fetch('/api/personal/summary', { credentials: 'include' });",""
"api","GET|POST","/api/personal/transactions","src/app/api/personal/transactions/route.ts","7","src/components/CsvImportModal.tsx:346:        const res = await fetch('/api/personal/transactions/import', { || src/app/api/personal/transactions/route.ts:1:// src/app/api/personal/transactions/route.ts || src/app/app/personal/comptes/[accountId]/page.tsx:96:        `/api/personal/transactions?accountId=${encodeURIComponent(accountId)}&limit=10`,",""
"api","PATCH|DELETE","/api/personal/transactions/[transactionId]","src/app/api/personal/transactions/[transactionId]/route.ts","4","src/components/CsvImportModal.tsx:346:        const res = await fetch('/api/personal/transactions/import', { || src/app/api/personal/transactions/route.ts:1:// src/app/api/personal/transactions/route.ts || src/app/app/personal/transactions/page.tsx:490:      const res = await fetch(`/api/personal/transactions/${encodeURIComponent(editing.id)}`, {",""
"api","POST","/api/personal/transactions/bulk-delete","src/app/api/personal/transactions/bulk-delete/route.ts","1","src/app/app/personal/transactions/page.tsx:532:      const res = await fetch('/api/personal/transactions/bulk-delete', {",""
"api","POST","/api/personal/transactions/import","src/app/api/personal/transactions/import/route.ts","1","src/components/CsvImportModal.tsx:346:        const res = await fetch('/api/personal/transactions/import', {",""
"api","GET|POST","/api/pro/businesses","src/app/api/pro/businesses/route.ts","230","src/components/pro/finances/FinanceEntriesPanel.tsx:178:        `/api/pro/businesses/${businessId}/finances${query.toString() ? `?${query.toString()}` : ''}`, || src/components/pro/finances/FinanceEntriesPanel.tsx:225:        `/api/pro/businesses/${businessId}/references?type=FINANCE_CATEGORY&limit=30` || src/components/pro/finances/FinanceEntriesPanel.tsx:228:        `/api/pro/businesses/${businessId}/references?type=FINANCE_TAG&limit=30`",""
"api","GET|DELETE|PATCH","/api/pro/businesses/[businessId]","src/app/api/pro/businesses/[businessId]/route.ts","220","src/components/pro/finances/FinanceEntriesPanel.tsx:178:        `/api/pro/businesses/${businessId}/finances${query.toString() ? `?${query.toString()}` : ''}`, || src/components/pro/finances/FinanceEntriesPanel.tsx:225:        `/api/pro/businesses/${businessId}/references?type=FINANCE_CATEGORY&limit=30` || src/components/pro/finances/FinanceEntriesPanel.tsx:228:        `/api/pro/businesses/${businessId}/references?type=FINANCE_TAG&limit=30`",""
"api","GET","/api/pro/businesses/[businessId]/accounting/client/[clientId]/summary","src/app/api/pro/businesses/[businessId]/accounting/client/[clientId]/summary/route.ts","3","src/components/pro/clients/ClientAccountingTab.tsx:84:          `/api/pro/businesses/${businessId}/accounting/client/${clientId}/summary`, || src/components/pro/clients/ClientAccountingTab.tsx:113:      `/api/pro/businesses/${businessId}/accounting/client/${clientId}/summary`, || src/app/api/pro/businesses/[businessId]/accounting/client/[clientId]/summary/route.ts:35:// GET /api/pro/businesses/:businessId/accounting/client/:clientId/summary",""
"api","GET|POST","/api/pro/businesses/[businessId]/clients","src/app/api/pro/businesses/[businessId]/clients/route.ts","14","src/components/pro/agenda/AgendaPage.tsx:67:          fetchJson<ListResponse>(`/api/pro/businesses/${businessId}/clients`, {}, controller.signal), || src/components/pro/agenda/AgendaPage.tsx:163:        ? `/api/pro/businesses/${businessId}/clients` || src/components/pro/clients/ClientInfoTab.tsx:97:        `/api/pro/businesses/${businessId}/clients/${clientId}`,",""
"api","GET|PATCH","/api/pro/businesses/[businessId]/clients/[clientId]","src/app/api/pro/businesses/[businessId]/clients/[clientId]/route.ts","9","src/components/pro/clients/ClientInfoTab.tsx:97:        `/api/pro/businesses/${businessId}/clients/${clientId}`, || src/components/pro/clients/ClientDocumentsTab.tsx:95:          `/api/pro/businesses/${businessId}/clients/${clientId}/documents`, || src/components/pro/clients/ClientDocumentsTab.tsx:120:      `/api/pro/businesses/${businessId}/clients/${clientId}/documents`,",""
"api","GET|POST","/api/pro/businesses/[businessId]/clients/[clientId]/documents","src/app/api/pro/businesses/[businessId]/clients/[clientId]/documents/route.ts","5","src/components/pro/clients/ClientDocumentsTab.tsx:95:          `/api/pro/businesses/${businessId}/clients/${clientId}/documents`, || src/components/pro/clients/ClientDocumentsTab.tsx:120:      `/api/pro/businesses/${businessId}/clients/${clientId}/documents`, || src/components/pro/clients/ClientDocumentsTab.tsx:138:      const res = await fetch(`/api/pro/businesses/${businessId}/clients/${clientId}/documents`, {",""
"api","UNKNOWN","/api/pro/businesses/[businessId]/clients/[clientId]/documents/upload","src/app/api/pro/businesses/[businessId]/clients/[clientId]/documents/upload/route.ts","0","",""
"api","POST","/api/pro/businesses/[businessId]/clients/bulk","src/app/api/pro/businesses/[businessId]/clients/bulk/route.ts","0","",""
"api","GET","/api/pro/businesses/[businessId]/dashboard","src/app/api/pro/businesses/[businessId]/dashboard/route.ts","2","src/components/pro/ProDashboard.tsx:143:          fetchJson<DashboardPayload>(`/api/pro/businesses/${businessId}/dashboard`, { cache: 'no-store' }), || src/app/api/pro/businesses/[businessId]/dashboard/route.ts:37:// GET /api/pro/businesses/{businessId}/dashboard",""
"api","GET","/api/pro/businesses/[businessId]/documents/[documentId]/download","src/app/api/pro/businesses/[businessId]/documents/[documentId]/download/route.ts","2","src/app/api/pro/businesses/[businessId]/clients/[clientId]/documents/route.ts:98:        downloadUrl: `/api/pro/businesses/${businessId}/documents/${d.id.toString()}/download`, || src/app/api/pro/businesses/[businessId]/documents/[documentId]/download/route.ts:29:// GET /api/pro/businesses/:businessId/documents/:documentId/download",""
"api","GET","/api/pro/businesses/[businessId]/documents/[documentId]/view","src/app/api/pro/businesses/[businessId]/documents/[documentId]/view/route.ts","2","src/app/api/pro/businesses/[businessId]/documents/[documentId]/view/route.ts:29:// GET /api/pro/businesses/:businessId/documents/:documentId/view || src/app/api/pro/businesses/[businessId]/clients/[clientId]/documents/route.ts:99:        viewUrl: `/api/pro/businesses/${businessId}/documents/${d.id.toString()}/view`,",""
"api","GET|POST","/api/pro/businesses/[businessId]/finances","src/app/api/pro/businesses/[businessId]/finances/route.ts","18","src/components/pro/finances/FinanceEntriesPanel.tsx:178:        `/api/pro/businesses/${businessId}/finances${query.toString() ? `?${query.toString()}` : ''}`, || src/components/pro/finances/FinanceEntriesPanel.tsx:271:      `/api/pro/businesses/${businessId}/finances${editing ? `/${editing.id}` : ''}`, || src/components/pro/finances/FinanceEntriesPanel.tsx:289:    const res = await fetchJson<FinanceDetailResponse>(`/api/pro/businesses/${businessId}/finances/${id}`);",""
"api","GET|PATCH|DELETE","/api/pro/businesses/[businessId]/finances/[financeId]","src/app/api/pro/businesses/[businessId]/finances/[financeId]/route.ts","12","src/components/pro/finances/FinanceEntriesPanel.tsx:289:    const res = await fetchJson<FinanceDetailResponse>(`/api/pro/businesses/${businessId}/finances/${id}`); || src/components/pro/finances/FinanceEntriesPanel.tsx:302:    const res = await fetchJson(`/api/pro/businesses/${businessId}/finances/${finance.id}`, { || src/components/pro/finances/FinanceEntriesPanel.tsx:320:          fetchJson(`/api/pro/businesses/${businessId}/finances/${id}`, { method: 'DELETE' })",""
"api","GET","/api/pro/businesses/[businessId]/finances/forecasting","src/app/api/pro/businesses/[businessId]/finances/forecasting/route.ts","2","src/components/pro/finances/ForecastingPanel.tsx:44:      const res = await fetchJson<ForecastResponse>(`/api/pro/businesses/${businessId}/finances/forecasting`); || src/app/api/pro/businesses/[businessId]/finances/forecasting/route.ts:41:// GET /api/pro/businesses/{businessId}/finances/forecasting",""
"api","GET","/api/pro/businesses/[businessId]/finances/treasury","src/app/api/pro/businesses/[businessId]/finances/treasury/route.ts","1","src/components/pro/finances/TreasuryPanel.tsx:39:      const res = await fetchJson<TreasuryResponse>(`/api/pro/businesses/${businessId}/finances/treasury`);",""
"api","GET","/api/pro/businesses/[businessId]/finances/vat","src/app/api/pro/businesses/[businessId]/finances/vat/route.ts","2","src/components/pro/finances/VatPanel.tsx:40:      const res = await fetchJson<VatResponse>(`/api/pro/businesses/${businessId}/finances/vat`); || src/app/api/pro/businesses/[businessId]/finances/vat/route.ts:35:// GET /api/pro/businesses/{businessId}/finances/vat",""
"api","GET|POST","/api/pro/businesses/[businessId]/interactions","src/app/api/pro/businesses/[businessId]/interactions/route.ts","8","src/components/pro/clients/ClientInteractionsTab.tsx:60:          `/api/pro/businesses/${businessId}/interactions?clientId=${clientId}&limit=50`, || src/components/pro/clients/ClientInteractionsTab.tsx:95:      const res = await fetchJson<Interaction>(`/api/pro/businesses/${businessId}/interactions`, { || src/components/pro/clients/ClientInteractionsTab.tsx:112:        `/api/pro/businesses/${businessId}/interactions?clientId=${clientId}&limit=50`,",""
"api","PATCH|DELETE","/api/pro/businesses/[businessId]/interactions/[interactionId]","src/app/api/pro/businesses/[businessId]/interactions/[interactionId]/route.ts","2","src/app/api/pro/businesses/[businessId]/interactions/[interactionId]/route.ts:39:// PATCH /api/pro/businesses/{businessId}/interactions/{interactionId} || src/app/api/pro/businesses/[businessId]/interactions/[interactionId]/route.ts:133:// DELETE /api/pro/businesses/{businessId}/interactions/{interactionId}",""
"api","GET","/api/pro/businesses/[businessId]/inventory/summary","src/app/api/pro/businesses/[businessId]/inventory/summary/route.ts","2","src/app/app/pro/[businessId]/stock/page.tsx:78:        fetchJson<{ items: SummaryRow[] }>(`/api/pro/businesses/${businessId}/inventory/summary`, {}, controller.signal), || src/app/api/pro/businesses/[businessId]/inventory/summary/route.ts:28:// GET /api/pro/businesses/{businessId}/inventory/summary",""
"api","GET|POST","/api/pro/businesses/[businessId]/invites","src/app/api/pro/businesses/[businessId]/invites/route.ts","7","src/app/app/pro/[businessId]/invites/page.tsx:92:        `/api/pro/businesses/${businessId}/invites`, || src/app/app/pro/[businessId]/invites/page.tsx:145:      const res = await fetchJson<InviteCreateResponseWithLink>(`/api/pro/businesses/${businessId}/invites`, { || src/app/app/pro/[businessId]/invites/page.tsx:199:        `/api/pro/businesses/${businessId}/invites/${inviteId}`,",""
"api","DELETE","/api/pro/businesses/[businessId]/invites/[inviteId]","src/app/api/pro/businesses/[businessId]/invites/[inviteId]/route.ts","2","src/app/app/pro/[businessId]/invites/page.tsx:199:        `/api/pro/businesses/${businessId}/invites/${inviteId}`, || src/app/api/pro/businesses/[businessId]/invites/[inviteId]/route.ts:32:// DELETE /api/pro/businesses/{businessId}/invites/{inviteId}",""
"api","GET|PATCH","/api/pro/businesses/[businessId]/invoices/[invoiceId]","src/app/api/pro/businesses/[businessId]/invoices/[invoiceId]/route.ts","9","src/components/pro/clients/ClientAccountingTab.tsx:215:                          const res = await fetchJson(`/api/pro/businesses/${businessId}/invoices/${inv.id}`, { || src/app/api/pro/businesses/[businessId]/invoices/[invoiceId]/route.ts:122:// GET /api/pro/businesses/{businessId}/invoices/{invoiceId} || src/app/api/pro/businesses/[businessId]/invoices/[invoiceId]/route.ts:162:// PATCH /api/pro/businesses/{businessId}/invoices/{invoiceId}",""
"api","GET","/api/pro/businesses/[businessId]/invoices/[invoiceId]/pdf","src/app/api/pro/businesses/[businessId]/invoices/[invoiceId]/pdf/route.ts","3","src/app/api/pro/businesses/[businessId]/invoices/[invoiceId]/pdf/route.ts:22:// GET /api/pro/businesses/{businessId}/invoices/{invoiceId}/pdf || src/app/api/pro/businesses/[businessId]/clients/[clientId]/documents/route.ts:108:        pdfUrl: `/api/pro/businesses/${businessId}/invoices/${inv.id.toString()}/pdf`, || src/app/app/pro/[businessId]/finances/invoices/[invoiceId]/page.tsx:171:  const pdfUrl = `/api/pro/businesses/${businessId}/invoices/${invoiceId}/pdf`;",""
"api","POST","/api/pro/businesses/[businessId]/leave","src/app/api/pro/businesses/[businessId]/leave/route.ts","1","src/app/app/account/page.tsx:99:      `/api/pro/businesses/${encodeURIComponent(businessId)}/leave`,",""
"api","GET","/api/pro/businesses/[businessId]/ledger","src/app/api/pro/businesses/[businessId]/ledger/route.ts","6","src/components/pro/finances/LedgerPanel.tsx:57:        `/api/pro/businesses/${businessId}/ledger?limit=50`, || src/components/pro/finances/LedgerPanel.tsx:133:                href={`/api/pro/businesses/${businessId}/ledger/${entry.id}`} || src/app/api/pro/businesses/[businessId]/ledger/route.ts:52:// GET /api/pro/businesses/{businessId}/ledger",""
"api","GET","/api/pro/businesses/[businessId]/ledger/[entryId]","src/app/api/pro/businesses/[businessId]/ledger/[entryId]/route.ts","4","src/components/pro/finances/LedgerPanel.tsx:133:                href={`/api/pro/businesses/${businessId}/ledger/${entry.id}`} || src/app/app/pro/[businessId]/finances/invoices/[invoiceId]/page.tsx:219:                      href={`/api/pro/businesses/${businessId}/ledger/${invoice.consumptionLedgerEntryId}`} || src/app/app/pro/[businessId]/finances/invoices/[invoiceId]/page.tsx:227:                      href={`/api/pro/businesses/${businessId}/ledger/${invoice.cashSaleLedgerEntryId}`}",""
"api","GET","/api/pro/businesses/[businessId]/members","src/app/api/pro/businesses/[businessId]/members/route.ts","9","src/app/app/pro/ProHomeClient.tsx:240:              `/api/pro/businesses/${businessId}/members`, || src/app/api/pro/businesses/[businessId]/members/[userId]/route.ts:95:// GET /api/pro/businesses/{businessId}/members/{userId} || src/app/api/pro/businesses/[businessId]/members/[userId]/route.ts:129:// PATCH /api/pro/businesses/{businessId}/members/{userId}",""
"api","GET|PATCH|DELETE","/api/pro/businesses/[businessId]/members/[userId]","src/app/api/pro/businesses/[businessId]/members/[userId]/route.ts","6","src/app/app/pro/[businessId]/settings/team/page.tsx:218:        `/api/pro/businesses/${businessId}/members/${roleModal.member.userId}`, || src/app/app/pro/[businessId]/settings/team/page.tsx:274:        `/api/pro/businesses/${businessId}/members/${removeModal.userId}`, || src/app/app/pro/[businessId]/settings/team/page.tsx:333:        `/api/pro/businesses/${businessId}/members/${employeeModal.userId}`,",""
"api","GET|POST","/api/pro/businesses/[businessId]/payments","src/app/api/pro/businesses/[businessId]/payments/route.ts","3","src/components/pro/clients/ClientAccountingTab.tsx:139:      const res = await fetchJson(`/api/pro/businesses/${businessId}/payments`, { || src/app/api/pro/businesses/[businessId]/payments/route.ts:31:// GET /api/pro/businesses/{businessId}/payments?clientId=... || src/app/api/pro/businesses/[businessId]/payments/route.ts:81:// POST /api/pro/businesses/{businessId}/payments",""
"api","GET|POST","/api/pro/businesses/[businessId]/processes","src/app/api/pro/businesses/[businessId]/processes/route.ts","18","src/app/app/pro/[businessId]/process/page.tsx:92:        `/api/pro/businesses/${businessId}/processes${query}`, || src/app/app/pro/[businessId]/process/page.tsx:138:    const res = await fetchJson<ProcessDetailResponse>(`/api/pro/businesses/${businessId}/processes`, { || src/app/app/pro/[businessId]/process/[processId]/page.tsx:104:        `/api/pro/businesses/${businessId}/processes/${processId}`",""
"api","GET|PATCH|DELETE","/api/pro/businesses/[businessId]/processes/[processId]","src/app/api/pro/businesses/[businessId]/processes/[processId]/route.ts","14","src/app/app/pro/[businessId]/process/[processId]/page.tsx:104:        `/api/pro/businesses/${businessId}/processes/${processId}` || src/app/app/pro/[businessId]/process/[processId]/page.tsx:154:      `/api/pro/businesses/${businessId}/processes/${processId}`, || src/app/app/pro/[businessId]/process/[processId]/page.tsx:185:      `/api/pro/businesses/${businessId}/processes/${processId}`,",""
"api","POST","/api/pro/businesses/[businessId]/processes/[processId]/steps","src/app/api/pro/businesses/[businessId]/processes/[processId]/steps/route.ts","7","src/app/app/pro/[businessId]/process/[processId]/page.tsx:263:      ? `/api/pro/businesses/${businessId}/processes/${processId}/steps/${editingStep.id}` || src/app/app/pro/[businessId]/process/[processId]/page.tsx:264:      : `/api/pro/businesses/${businessId}/processes/${processId}/steps`; || src/app/app/pro/[businessId]/process/[processId]/page.tsx:296:      `/api/pro/businesses/${businessId}/processes/${processId}/steps/${step.id}`,",""
"api","PATCH|DELETE","/api/pro/businesses/[businessId]/processes/[processId]/steps/[stepId]","src/app/api/pro/businesses/[businessId]/processes/[processId]/steps/[stepId]/route.ts","5","src/app/app/pro/[businessId]/process/[processId]/page.tsx:263:      ? `/api/pro/businesses/${businessId}/processes/${processId}/steps/${editingStep.id}` || src/app/app/pro/[businessId]/process/[processId]/page.tsx:296:      `/api/pro/businesses/${businessId}/processes/${processId}/steps/${step.id}`, || src/app/app/pro/[businessId]/process/[processId]/page.tsx:331:      `/api/pro/businesses/${businessId}/processes/${processId}/steps/${step.id}`,",""
"api","GET|POST","/api/pro/businesses/[businessId]/products","src/app/api/pro/businesses/[businessId]/products/route.ts","16","src/app/api/pro/businesses/[businessId]/products/route.ts:46:// GET /api/pro/businesses/{businessId}/products || src/app/api/pro/businesses/[businessId]/products/route.ts:78:// POST /api/pro/businesses/{businessId}/products || src/app/app/pro/[businessId]/stock/page.tsx:77:        fetchJson<{ items: Product[] }>(`/api/pro/businesses/${businessId}/products`, {}, controller.signal),",""
"api","GET|PATCH|DELETE","/api/pro/businesses/[businessId]/products/[productId]","src/app/api/pro/businesses/[businessId]/products/[productId]/route.ts","12","src/app/app/pro/[businessId]/stock/page.tsx:151:      const res = await fetchJson<null>(`/api/pro/businesses/${businessId}/products/${id}`, { method: 'DELETE' }); || src/app/app/pro/[businessId]/stock/[productId]/page.tsx:88:        fetchJson<{ product: Product }>(`/api/pro/businesses/${businessId}/products/${productId}`, {}, controller.signal), || src/app/app/pro/[businessId]/stock/[productId]/page.tsx:90:          `/api/pro/businesses/${businessId}/products/${productId}/movements`,",""
"api","GET|POST","/api/pro/businesses/[businessId]/products/[productId]/movements","src/app/api/pro/businesses/[businessId]/products/[productId]/movements/route.ts","6","src/app/app/pro/[businessId]/stock/[productId]/page.tsx:90:          `/api/pro/businesses/${businessId}/products/${productId}/movements`, || src/app/app/pro/[businessId]/stock/[productId]/page.tsx:144:        `/api/pro/businesses/${businessId}/products/${product.id}/movements`, || src/app/api/pro/businesses/[businessId]/products/[productId]/movements/route.ts:49:// GET /api/pro/businesses/{businessId}/products/{productId}/movements",""
"api","PATCH|DELETE","/api/pro/businesses/[businessId]/products/[productId]/movements/[movementId]","src/app/api/pro/businesses/[businessId]/products/[productId]/movements/[movementId]/route.ts","2","src/app/api/pro/businesses/[businessId]/products/[productId]/movements/[movementId]/route.ts:49:// PATCH /api/pro/businesses/{businessId}/products/{productId}/movements/{movementId} || src/app/api/pro/businesses/[businessId]/products/[productId]/movements/[movementId]/route.ts:215:// DELETE /api/pro/businesses/{businessId}/products/{productId}/movements/{movementId}",""
"api","GET|POST","/api/pro/businesses/[businessId]/projects","src/app/api/pro/businesses/[businessId]/projects/route.ts","17","src/components/pro/agenda/AgendaPage.tsx:69:          fetchJson<ProjectsResponse>(`/api/pro/businesses/${businessId}/projects?archived=false`, {}, controller.signal), || src/app/app/pro/ProHomeClient.tsx:226:              `/api/pro/businesses/${businessId}/projects?archived=false`, || src/app/app/pro/[businessId]/clients/[clientId]/page.tsx:128:            `/api/pro/businesses/${businessId}/projects?clientId=${clientId}&archived=false`,",""
"api","GET|PATCH|DELETE","/api/pro/businesses/[businessId]/projects/[projectId]","src/app/api/pro/businesses/[businessId]/projects/[projectId]/route.ts","12","src/app/api/pro/businesses/[businessId]/projects/[projectId]/services/route.ts:31:// GET /api/pro/businesses/{businessId}/projects/{projectId}/services || src/app/api/pro/businesses/[businessId]/projects/[projectId]/services/route.ts:87:// POST /api/pro/businesses/{businessId}/projects/{projectId}/services || src/app/api/pro/businesses/[businessId]/projects/[projectId]/services/[itemId]/route.ts:41:// PATCH /api/pro/businesses/{businessId}/projects/{projectId}/services/{itemId}",""
"api","POST","/api/pro/businesses/[businessId]/projects/[projectId]/archive","src/app/api/pro/businesses/[businessId]/projects/[projectId]/archive/route.ts","0","",""
"api","GET","/api/pro/businesses/[businessId]/projects/[projectId]/invoices","src/app/api/pro/businesses/[businessId]/projects/[projectId]/invoices/route.ts","1","src/app/api/pro/businesses/[businessId]/projects/[projectId]/invoices/route.ts:43:// GET /api/pro/businesses/{businessId}/projects/{projectId}/invoices",""
"api","GET","/api/pro/businesses/[businessId]/projects/[projectId]/pricing","src/app/api/pro/businesses/[businessId]/projects/[projectId]/pricing/route.ts","1","src/app/api/pro/businesses/[businessId]/projects/[projectId]/pricing/route.ts:45:// GET /api/pro/businesses/{businessId}/projects/{projectId}/pricing",""
"api","GET|POST","/api/pro/businesses/[businessId]/projects/[projectId]/quotes","src/app/api/pro/businesses/[businessId]/projects/[projectId]/quotes/route.ts","2","src/app/api/pro/businesses/[businessId]/projects/[projectId]/quotes/route.ts:96:// GET /api/pro/businesses/{businessId}/projects/{projectId}/quotes || src/app/api/pro/businesses/[businessId]/projects/[projectId]/quotes/route.ts:135:// POST /api/pro/businesses/{businessId}/projects/{projectId}/quotes",""
"api","GET|POST","/api/pro/businesses/[businessId]/projects/[projectId]/services","src/app/api/pro/businesses/[businessId]/projects/[projectId]/services/route.ts","4","src/app/api/pro/businesses/[businessId]/projects/[projectId]/services/route.ts:31:// GET /api/pro/businesses/{businessId}/projects/{projectId}/services || src/app/api/pro/businesses/[businessId]/projects/[projectId]/services/route.ts:87:// POST /api/pro/businesses/{businessId}/projects/{projectId}/services || src/app/api/pro/businesses/[businessId]/projects/[projectId]/services/[itemId]/route.ts:41:// PATCH /api/pro/businesses/{businessId}/projects/{projectId}/services/{itemId}",""
"api","PATCH|DELETE","/api/pro/businesses/[businessId]/projects/[projectId]/services/[itemId]","src/app/api/pro/businesses/[businessId]/projects/[projectId]/services/[itemId]/route.ts","2","src/app/api/pro/businesses/[businessId]/projects/[projectId]/services/[itemId]/route.ts:41:// PATCH /api/pro/businesses/{businessId}/projects/{projectId}/services/{itemId} || src/app/api/pro/businesses/[businessId]/projects/[projectId]/services/[itemId]/route.ts:122:// DELETE /api/pro/businesses/{businessId}/projects/{projectId}/services/{itemId}",""
"api","POST","/api/pro/businesses/[businessId]/projects/[projectId]/start","src/app/api/pro/businesses/[businessId]/projects/[projectId]/start/route.ts","1","src/app/api/pro/businesses/[businessId]/projects/[projectId]/start/route.ts:27:// POST /api/pro/businesses/{businessId}/projects/{projectId}/start",""
"api","POST","/api/pro/businesses/[businessId]/projects/[projectId]/unarchive","src/app/api/pro/businesses/[businessId]/projects/[projectId]/unarchive/route.ts","0","",""
"api","GET|POST","/api/pro/businesses/[businessId]/prospects","src/app/api/pro/businesses/[businessId]/prospects/route.ts","9","src/components/pro/agenda/AgendaPage.tsx:68:          fetchJson<ListResponse>(`/api/pro/businesses/${businessId}/prospects`, {}, controller.signal), || src/components/pro/agenda/AgendaPage.tsx:164:        : `/api/pro/businesses/${businessId}/prospects`; || src/app/app/pro/[businessId]/prospects/[prospectId]/page.tsx:57:            `/api/pro/businesses/${businessId}/prospects/${prospectId}`,",""
"api","GET|PATCH|DELETE","/api/pro/businesses/[businessId]/prospects/[prospectId]","src/app/api/pro/businesses/[businessId]/prospects/[prospectId]/route.ts","3","src/app/app/pro/[businessId]/prospects/[prospectId]/page.tsx:57:            `/api/pro/businesses/${businessId}/prospects/${prospectId}`, || src/app/api/pro/businesses/[businessId]/prospects/[prospectId]/convert/route.ts:25:// POST /api/pro/businesses/{businessId}/prospects/{prospectId}/convert || src/app/api/pro/businesses/[businessId]/prospects/[prospectId]/route.ts:156:    console.error({ err, route: '/api/pro/businesses/[businessId]/prospects/[prospectId]' });",""
"api","POST","/api/pro/businesses/[businessId]/prospects/[prospectId]/convert","src/app/api/pro/businesses/[businessId]/prospects/[prospectId]/convert/route.ts","1","src/app/api/pro/businesses/[businessId]/prospects/[prospectId]/convert/route.ts:25:// POST /api/pro/businesses/{businessId}/prospects/{prospectId}/convert",""
"api","GET|PATCH","/api/pro/businesses/[businessId]/quotes/[quoteId]","src/app/api/pro/businesses/[businessId]/quotes/[quoteId]/route.ts","6","src/app/api/pro/businesses/[businessId]/quotes/[quoteId]/route.ts:78:// GET /api/pro/businesses/{businessId}/quotes/{quoteId} || src/app/api/pro/businesses/[businessId]/quotes/[quoteId]/route.ts:111:// PATCH /api/pro/businesses/{businessId}/quotes/{quoteId} || src/app/api/pro/businesses/[businessId]/clients/[clientId]/documents/route.ts:117:        pdfUrl: `/api/pro/businesses/${businessId}/quotes/${q.id.toString()}/pdf`,",""
"api","POST","/api/pro/businesses/[businessId]/quotes/[quoteId]/invoices","src/app/api/pro/businesses/[businessId]/quotes/[quoteId]/invoices/route.ts","1","src/app/api/pro/businesses/[businessId]/quotes/[quoteId]/invoices/route.ts:97:// POST /api/pro/businesses/{businessId}/quotes/{quoteId}/invoices",""
"api","GET","/api/pro/businesses/[businessId]/quotes/[quoteId]/pdf","src/app/api/pro/businesses/[businessId]/quotes/[quoteId]/pdf/route.ts","2","src/app/api/pro/businesses/[businessId]/quotes/[quoteId]/pdf/route.ts:22:// GET /api/pro/businesses/{businessId}/quotes/{quoteId}/pdf || src/app/api/pro/businesses/[businessId]/clients/[clientId]/documents/route.ts:117:        pdfUrl: `/api/pro/businesses/${businessId}/quotes/${q.id.toString()}/pdf`,",""
"api","GET|POST","/api/pro/businesses/[businessId]/references","src/app/api/pro/businesses/[businessId]/references/route.ts","16","src/components/pro/finances/FinanceEntriesPanel.tsx:225:        `/api/pro/businesses/${businessId}/references?type=FINANCE_CATEGORY&limit=30` || src/components/pro/finances/FinanceEntriesPanel.tsx:228:        `/api/pro/businesses/${businessId}/references?type=FINANCE_TAG&limit=30` || src/app/app/pro/[businessId]/services/page.tsx:244:          `/api/pro/businesses/${businessId}/references?type=CATEGORY`,",""
"api","PATCH|DELETE","/api/pro/businesses/[businessId]/references/[referenceId]","src/app/api/pro/businesses/[businessId]/references/[referenceId]/route.ts","5","src/app/api/pro/businesses/[businessId]/references/[referenceId]/route.ts:62:// PATCH /api/pro/businesses/{businessId}/references/{referenceId} || src/app/api/pro/businesses/[businessId]/references/[referenceId]/route.ts:144:// DELETE /api/pro/businesses/{businessId}/references/{referenceId} || src/app/app/pro/[businessId]/references/ReferenceList.tsx:186:      `/api/pro/businesses/${businessId}/references/${editingId}`,",""
"api","GET|POST","/api/pro/businesses/[businessId]/services","src/app/api/pro/businesses/[businessId]/services/route.ts","26","src/app/api/pro/businesses/[businessId]/services/import/route.ts:139:// POST /api/pro/businesses/{businessId}/services/import || src/app/api/pro/businesses/[businessId]/services/import/route.ts:305:        route: 'POST /api/pro/businesses/[businessId]/services/import', || src/app/api/pro/businesses/[businessId]/services/[serviceId]/templates/route.ts:110:// GET /api/pro/businesses/{businessId}/services/{serviceId}/templates",""
"api","GET|PATCH|DELETE","/api/pro/businesses/[businessId]/services/[serviceId]","src/app/api/pro/businesses/[businessId]/services/[serviceId]/route.ts","22","src/app/api/pro/businesses/[businessId]/services/import/route.ts:139:// POST /api/pro/businesses/{businessId}/services/import || src/app/api/pro/businesses/[businessId]/services/import/route.ts:305:        route: 'POST /api/pro/businesses/[businessId]/services/import', || src/app/api/pro/businesses/[businessId]/services/[serviceId]/templates/route.ts:110:// GET /api/pro/businesses/{businessId}/services/{serviceId}/templates",""
"api","GET|PUT","/api/pro/businesses/[businessId]/services/[serviceId]/process-template","src/app/api/pro/businesses/[businessId]/services/[serviceId]/process-template/route.ts","2","src/app/api/pro/businesses/[businessId]/services/[serviceId]/process-template/route.ts:207:// GET /api/pro/businesses/{businessId}/services/{serviceId}/process-template || src/app/api/pro/businesses/[businessId]/services/[serviceId]/process-template/route.ts:256:// PUT /api/pro/businesses/{businessId}/services/{serviceId}/process-template",""
"api","GET|POST","/api/pro/businesses/[businessId]/services/[serviceId]/templates","src/app/api/pro/businesses/[businessId]/services/[serviceId]/templates/route.ts","10","src/app/api/pro/businesses/[businessId]/services/[serviceId]/templates/route.ts:110:// GET /api/pro/businesses/{businessId}/services/{serviceId}/templates || src/app/api/pro/businesses/[businessId]/services/[serviceId]/templates/route.ts:151:// POST /api/pro/businesses/{businessId}/services/{serviceId}/templates || src/app/api/pro/businesses/[businessId]/services/[serviceId]/templates/[templateId]/route.ts:115:// PATCH /api/pro/businesses/{businessId}/services/{serviceId}/templates/{templateId}",""
"api","PATCH|DELETE","/api/pro/businesses/[businessId]/services/[serviceId]/templates/[templateId]","src/app/api/pro/businesses/[businessId]/services/[serviceId]/templates/[templateId]/route.ts","6","src/app/app/pro/[businessId]/services/page.tsx:481:      ? `/api/pro/businesses/${businessId}/services/${templatesService.id}/templates/${editingTemplate?.id}` || src/app/app/pro/[businessId]/services/page.tsx:532:      `/api/pro/businesses/${businessId}/services/${templatesService.id}/templates/${template.id}`, || src/app/app/pro/[businessId]/services/page.tsx:569:      `/api/pro/businesses/${businessId}/services/${templatesService.id}/templates/seed`,",""
"api","POST","/api/pro/businesses/[businessId]/services/[serviceId]/templates/seed","src/app/api/pro/businesses/[businessId]/services/[serviceId]/templates/seed/route.ts","2","src/app/api/pro/businesses/[businessId]/services/[serviceId]/templates/seed/route.ts:48:// POST /api/pro/businesses/{businessId}/services/{serviceId}/templates/seed || src/app/app/pro/[businessId]/services/page.tsx:569:      `/api/pro/businesses/${businessId}/services/${templatesService.id}/templates/seed`,",""
"api","POST","/api/pro/businesses/[businessId]/services/import","src/app/api/pro/businesses/[businessId]/services/import/route.ts","3","src/app/app/pro/[businessId]/services/page.tsx:795:    }>(`/api/pro/businesses/${businessId}/services/import`, { || src/app/api/pro/businesses/[businessId]/services/import/route.ts:139:// POST /api/pro/businesses/{businessId}/services/import || src/app/api/pro/businesses/[businessId]/services/import/route.ts:305:        route: 'POST /api/pro/businesses/[businessId]/services/import',",""
"api","GET|PATCH","/api/pro/businesses/[businessId]/settings","src/app/api/pro/businesses/[businessId]/settings/route.ts","6","src/app/api/pro/businesses/[businessId]/settings/route.ts:87:// GET /api/pro/businesses/{businessId}/settings || src/app/api/pro/businesses/[businessId]/settings/route.ts:110:    console.error({ requestId, route: 'GET /api/pro/businesses/[businessId]/settings', error }); || src/app/api/pro/businesses/[businessId]/settings/route.ts:118:// PATCH /api/pro/businesses/{businessId}/settings",""
"api","GET|POST","/api/pro/businesses/[businessId]/tasks","src/app/api/pro/businesses/[businessId]/tasks/route.ts","13","src/components/pro/ProDashboard.tsx:148:          fetchJson<{ items: TaskItem[] }>(`/api/pro/businesses/${businessId}/tasks`, { cache: 'no-store' }), || src/app/app/pro/[businessId]/tasks/[taskId]/page.tsx:77:          `/api/pro/businesses/${businessId}/tasks/${taskId}`, || src/app/app/pro/[businessId]/tasks/[taskId]/page.tsx:123:      `/api/pro/businesses/${businessId}/tasks/${taskId}`,",""
"api","GET|PATCH|DELETE","/api/pro/businesses/[businessId]/tasks/[taskId]","src/app/api/pro/businesses/[businessId]/tasks/[taskId]/route.ts","8","src/app/api/pro/businesses/[businessId]/tasks/[taskId]/route.ts:143:// GET /api/pro/businesses/{businessId}/tasks/{taskId} || src/app/api/pro/businesses/[businessId]/tasks/[taskId]/route.ts:189:// PATCH /api/pro/businesses/{businessId}/tasks/{taskId} || src/app/api/pro/businesses/[businessId]/tasks/[taskId]/route.ts:469:// DELETE /api/pro/businesses/{businessId}/tasks/{taskId}",""
"api","POST","/api/pro/businesses/invites/accept","src/app/api/pro/businesses/invites/accept/route.ts","2","src/app/app/pro/ProHomeClient.tsx:364:        '/api/pro/businesses/invites/accept', || src/app/api/pro/businesses/invites/accept/route.ts:117:    console.error({ requestId, route: '/api/pro/businesses/invites/accept', error });",""
"api","GET","/api/pro/overview","src/app/api/pro/overview/route.ts","1","src/app/app/pro/ProHomeClient.tsx:175:          fetchJson<OverviewResponse>('/api/pro/overview', {}, controller.signal),",""
"layout","-","/app","app/layout.tsx","246","src/proxy.ts:50:    '/app/:path*', || src/components/pro/finances/FinanceEntriesPanel.tsx:12:import { formatCurrency } from '@/app/app/pro/pro-data'; || src/components/pro/finances/FinanceEntriesPanel.tsx:13:import { useActiveBusiness } from '@/app/app/pro/ActiveBusinessProvider';",""
"page","-","/app","app/page.tsx","246","src/proxy.ts:50:    '/app/:path*', || src/components/pro/finances/FinanceEntriesPanel.tsx:12:import { formatCurrency } from '@/app/app/pro/pro-data'; || src/components/pro/finances/FinanceEntriesPanel.tsx:13:import { useActiveBusiness } from '@/app/app/pro/ActiveBusinessProvider';",""
"layout","-","/app/account","app/account/layout.tsx","11","src/app/app/page.tsx:363:            href=""""/app/account"""" || src/app/app/AppShell.tsx:360:              href=""""/app/account"""" || src/app/app/AppShell.tsx:422:              href=""""/app/account""""",""
"page","-","/app/account","app/account/page.tsx","11","src/app/app/page.tsx:363:            href=""""/app/account"""" || src/app/app/docs/page.tsx:21:    href: '/app/account', || src/app/app/AppShell.tsx:360:              href=""""/app/account""""",""
"page","-","/app/account/preferences","app/account/preferences/page.tsx","2","src/app/app/account/page.tsx:162:            <Link href=""""/app/account/preferences"""">Ouvrir</Link> || src/app/app/account/AccountNav.tsx:10:  { href: '/app/account/preferences', label: 'Préférences' },",""
"page","-","/app/account/profile","app/account/profile/page.tsx","2","src/app/app/account/page.tsx:144:            <Link href=""""/app/account/profile"""">Ouvrir</Link> || src/app/app/account/AccountNav.tsx:8:  { href: '/app/account/profile', label: 'Profil' },",""
"page","-","/app/account/security","app/account/security/page.tsx","2","src/app/app/account/page.tsx:153:            <Link href=""""/app/account/security"""">Ouvrir</Link> || src/app/app/account/AccountNav.tsx:9:  { href: '/app/account/security', label: 'Sécurité' },",""
"page","-","/app/docs","app/docs/page.tsx","1","src/app/app/page.tsx:416:                <Link href=""""/app/docs"""">",""
"page","-","/app/focus","app/focus/page.tsx","7","src/app/app/performance/page.tsx:4:  redirect('/app/focus'); || src/app/app/performance/perso/page.tsx:4:  redirect('/app/focus'); || src/app/app/AppShell.tsx:18:  if (pathname.startsWith('/app/focus') || pathname.startsWith('/app/performance')) return 'focus';",""
"page","-","/app/performance","app/performance/page.tsx","1","src/app/app/AppShell.tsx:18:  if (pathname.startsWith('/app/focus') || pathname.startsWith('/app/performance')) return 'focus';",""
"page","-","/app/performance/alignement","app/performance/alignement/page.tsx","0","",""
"page","-","/app/performance/perso","app/performance/perso/page.tsx","0","",""
"page","-","/app/performance/pro","app/performance/pro/page.tsx","0","",""
"page","-","/app/personal","app/personal/page.tsx","33","src/app/app/page.tsx:227:      return { label: 'Aller au Wallet', href: '/app/personal' }; || src/app/app/page.tsx:255:            href=""""/app/personal"""" || src/app/app/page.tsx:315:                  <Link href={`/app/personal/comptes/${recentAccount.id}`}>Vue compte</Link>",""
"page","-","/app/personal/admin","app/personal/admin/page.tsx","0","",""
"page","-","/app/personal/budgets","app/personal/budgets/page.tsx","2","src/app/app/AppShell.tsx:215:        { label: 'Budgets', href: '/app/personal/budgets' }, || src/app/app/personal/dash-objectifs/page.tsx:4:  redirect('/app/personal/budgets');",""
"page","-","/app/personal/comptes","app/personal/comptes/page.tsx","7","src/app/app/page.tsx:315:                  <Link href={`/app/personal/comptes/${recentAccount.id}`}>Vue compte</Link> || src/app/app/personal/comptes/page.tsx:267:                onClick={() => router.push(`/app/personal/comptes/${a.id}`)} || src/app/app/personal/admin/page.tsx:27:            <Link href=""""/app/personal/comptes"""">Comptes</Link>",""
"page","-","/app/personal/comptes/[accountId]","app/personal/comptes/[accountId]/page.tsx","2","src/app/app/page.tsx:315:                  <Link href={`/app/personal/comptes/${recentAccount.id}`}>Vue compte</Link> || src/app/app/personal/comptes/page.tsx:267:                onClick={() => router.push(`/app/personal/comptes/${a.id}`)}",""
"page","-","/app/personal/dash-finances","app/personal/dash-finances/page.tsx","0","",""
"page","-","/app/personal/dash-objectifs","app/personal/dash-objectifs/page.tsx","0","",""
"page","-","/app/personal/epargne","app/personal/epargne/page.tsx","1","src/app/app/AppShell.tsx:216:        { label: 'Épargne', href: '/app/personal/epargne' },",""
"page","-","/app/personal/revenus","app/personal/revenus/page.tsx","0","",""
"page","-","/app/personal/transactions","app/personal/transactions/page.tsx","15","src/app/app/page.tsx:318:                  <Link href={`/app/personal/transactions?accountId=${recentAccount.id}`}> || src/app/app/page.tsx:345:            href=""""/app/personal/transactions?import=1"""" || src/app/app/AppShell.tsx:214:        { label: 'Transactions', href: '/app/personal/transactions' },",""
"page","-","/app/pro","app/pro/page.tsx","153","src/components/pro/finances/FinanceEntriesPanel.tsx:12:import { formatCurrency } from '@/app/app/pro/pro-data'; || src/components/pro/finances/FinanceEntriesPanel.tsx:13:import { useActiveBusiness } from '@/app/app/pro/ActiveBusinessProvider'; || src/components/pro/finances/FinanceEntriesPanel.tsx:335:        backHref={`/app/pro/${businessId}`}",""
"layout","-","/app/pro/[businessId]","app/pro/[businessId]/layout.tsx","123","src/components/pro/finances/FinanceEntriesPanel.tsx:12:import { formatCurrency } from '@/app/app/pro/pro-data'; || src/components/pro/finances/FinanceEntriesPanel.tsx:13:import { useActiveBusiness } from '@/app/app/pro/ActiveBusinessProvider'; || src/components/pro/finances/FinanceEntriesPanel.tsx:335:        backHref={`/app/pro/${businessId}`}",""
"page","-","/app/pro/[businessId]","app/pro/[businessId]/page.tsx","123","src/components/pro/finances/FinanceEntriesPanel.tsx:12:import { formatCurrency } from '@/app/app/pro/pro-data'; || src/components/pro/finances/FinanceEntriesPanel.tsx:13:import { useActiveBusiness } from '@/app/app/pro/ActiveBusinessProvider'; || src/components/pro/finances/FinanceEntriesPanel.tsx:335:        backHref={`/app/pro/${businessId}`}",""
"page","-","/app/pro/[businessId]/accounting","app/pro/[businessId]/accounting/page.tsx","0","",""
"page","-","/app/pro/[businessId]/admin","app/pro/[businessId]/admin/page.tsx","0","",""
"page","-","/app/pro/[businessId]/admin/deadlines","app/pro/[businessId]/admin/deadlines/page.tsx","0","",""
"page","-","/app/pro/[businessId]/admin/documents","app/pro/[businessId]/admin/documents/page.tsx","0","",""
"page","-","/app/pro/[businessId]/agenda","app/pro/[businessId]/agenda/page.tsx","4","src/app/app/pro/[businessId]/clients/[clientId]/page.tsx:333:          href={`/app/pro/${businessId}/agenda`} || src/app/app/pro/[businessId]/clients/[clientId]/page.tsx:388:        backHref={`/app/pro/${businessId}/agenda`} || src/app/app/pro/[businessId]/prospects/[prospectId]/page.tsx:113:          href={`/app/pro/${businessId}/agenda`}",""
"page","-","/app/pro/[businessId]/clients","app/pro/[businessId]/clients/page.tsx","7","src/components/pro/agenda/AgendaPage.tsx:239:              href={`/app/pro/${businessId}/clients`} || src/components/pro/ProDashboard.tsx:291:                <QuickLink href={`/app/pro/${businessId}/clients`} label=""""Nouveau client"""" /> || src/components/pro/ProDashboard.tsx:412:    { label: 'Clients', href: `/app/pro/${businessId}/clients` },",""
"page","-","/app/pro/[businessId]/clients/[clientId]","app/pro/[businessId]/clients/[clientId]/page.tsx","2","src/app/app/pro/[businessId]/clients/[clientId]/page.tsx:554:            { label: 'Documents', href: `/app/pro/${businessId}/clients/${clientId}#documents` }, || src/app/app/pro/[businessId]/clients/[clientId]/page.tsx:555:            { label: 'Interactions', href: `/app/pro/${businessId}/clients/${clientId}#interactions` },",""
"page","-","/app/pro/[businessId]/dash-admin-process","app/pro/[businessId]/dash-admin-process/page.tsx","0","",""
"page","-","/app/pro/[businessId]/dash-entreprise","app/pro/[businessId]/dash-entreprise/page.tsx","0","",""
"page","-","/app/pro/[businessId]/dash-finances","app/pro/[businessId]/dash-finances/page.tsx","0","",""
"page","-","/app/pro/[businessId]/dash-projets","app/pro/[businessId]/dash-projets/page.tsx","0","",""
"page","-","/app/pro/[businessId]/finances","app/pro/[businessId]/finances/page.tsx","23","src/components/pro/finances/ForecastingPanel.tsx:65:        backHref={`/app/pro/${businessId}/finances`} || src/components/pro/finances/LedgerPanel.tsx:101:        backHref={`/app/pro/${businessId}/finances`} || src/components/pro/finances/TreasuryPanel.tsx:60:        backHref={`/app/pro/${businessId}/finances`}",""
"page","-","/app/pro/[businessId]/finances/expenses/[expenseId]","app/pro/[businessId]/finances/expenses/[expenseId]/page.tsx","1","src/app/app/pro/[businessId]/finances/expenses/[expenseId]/page.tsx:1:// src/app/app/pro/[businessId]/finances/expenses/[expenseId]/page.tsx",""
"page","-","/app/pro/[businessId]/finances/forecasting","app/pro/[businessId]/finances/forecasting/page.tsx","0","",""
"page","-","/app/pro/[businessId]/finances/invoices/[invoiceId]","app/pro/[businessId]/finances/invoices/[invoiceId]/page.tsx","1","src/app/app/pro/[businessId]/finances/invoices/[invoiceId]/page.tsx:1:// src/app/app/pro/[businessId]/finances/invoices/[invoiceId]/page.tsx",""
"page","-","/app/pro/[businessId]/finances/ledger","app/pro/[businessId]/finances/ledger/page.tsx","1","src/app/app/pro/[businessId]/stock/page.tsx:182:          <Link href={`/app/pro/${businessId}/finances/ledger`} className=""""underline"""">",""
"page","-","/app/pro/[businessId]/finances/payments","app/pro/[businessId]/finances/payments/page.tsx","0","",""
"page","-","/app/pro/[businessId]/finances/treasury","app/pro/[businessId]/finances/treasury/page.tsx","0","",""
"page","-","/app/pro/[businessId]/finances/vat","app/pro/[businessId]/finances/vat/page.tsx","0","",""
"page","-","/app/pro/[businessId]/invites","app/pro/[businessId]/invites/page.tsx","1","src/app/app/pro/[businessId]/invites/page.tsx:1:// src/app/app/pro/[businessId]/invites/page.tsx",""
"page","-","/app/pro/[businessId]/marketing","app/pro/[businessId]/marketing/page.tsx","1","src/components/pro/marketing/MarketingPage.tsx:27:          href={`/app/pro/${businessId}/marketing/new`}",""
"page","-","/app/pro/[businessId]/process","app/pro/[businessId]/process/page.tsx","5","src/app/app/pro/[businessId]/process/page.tsx:229:                      <Link href={`/app/pro/${businessId}/process/${process.id}`} className=""""hover:underline""""> || src/app/app/pro/[businessId]/process/page.tsx:254:                        <Link href={`/app/pro/${businessId}/process/${process.id}`}>Ouvrir</Link> || src/app/app/pro/[businessId]/process/[processId]/page.tsx:225:    router.push(`/app/pro/${businessId}/process`);",""
"page","-","/app/pro/[businessId]/process/[processId]","app/pro/[businessId]/process/[processId]/page.tsx","2","src/app/app/pro/[businessId]/process/page.tsx:229:                      <Link href={`/app/pro/${businessId}/process/${process.id}`} className=""""hover:underline""""> || src/app/app/pro/[businessId]/process/page.tsx:254:                        <Link href={`/app/pro/${businessId}/process/${process.id}`}>Ouvrir</Link>",""
"page","-","/app/pro/[businessId]/projects","app/pro/[businessId]/projects/page.tsx","14","src/components/pro/projects/ProjectHub.tsx:20:            <Link href={`/app/pro/${businessId}/projects`} className=""""hover:text-[var(--text-primary)]""""> || src/components/pro/projects/ProjectHub.tsx:28:          href={`/app/pro/${businessId}/projects/${projectId}/edit`} || src/components/pro/projects/ProjectsPage.tsx:23:          href={`/app/pro/${businessId}/projects/new`}",""
"page","-","/app/pro/[businessId]/projects/[projectId]","app/pro/[businessId]/projects/[projectId]/page.tsx","4","src/components/pro/projects/ProjectHub.tsx:28:          href={`/app/pro/${businessId}/projects/${projectId}/edit`} || src/components/pro/projects/ProjectsPage.tsx:23:          href={`/app/pro/${businessId}/projects/new`} || src/app/app/pro/[businessId]/tasks/[taskId]/page.tsx:223:              <Link href={`/app/pro/${businessId}/projects/${task.projectId}`}>",""
"page","-","/app/pro/[businessId]/prospects","app/pro/[businessId]/prospects/page.tsx","2","src/app/app/pro/[businessId]/prospects/[prospectId]/page.tsx:266:            { label: 'Interactions', href: `/app/pro/${businessId}/prospects/${prospectId}#interactions` }, || src/app/app/pro/[businessId]/prospects/[prospectId]/page.tsx:267:            { label: 'Offres', href: `/app/pro/${businessId}/prospects/${prospectId}#offers` },",""
"page","-","/app/pro/[businessId]/prospects/[prospectId]","app/pro/[businessId]/prospects/[prospectId]/page.tsx","2","src/app/app/pro/[businessId]/prospects/[prospectId]/page.tsx:266:            { label: 'Interactions', href: `/app/pro/${businessId}/prospects/${prospectId}#interactions` }, || src/app/app/pro/[businessId]/prospects/[prospectId]/page.tsx:267:            { label: 'Offres', href: `/app/pro/${businessId}/prospects/${prospectId}#offers` },",""
"page","-","/app/pro/[businessId]/references","app/pro/[businessId]/references/page.tsx","2","src/app/app/pro/[businessId]/references/page.tsx:36:                <Link href={`/app/pro/${businessId}/references/${link.href}`}>Ouvrir</Link> || src/app/app/pro/[businessId]/references/ReferenceList.tsx:272:        <Link href={`/app/pro/${businessId}/references`} className=""""text-sm text-primary underline"""">",""
"page","-","/app/pro/[businessId]/references/automations","app/pro/[businessId]/references/automations/page.tsx","0","",""
"page","-","/app/pro/[businessId]/references/categories","app/pro/[businessId]/references/categories/page.tsx","0","",""
"page","-","/app/pro/[businessId]/references/numbering","app/pro/[businessId]/references/numbering/page.tsx","0","",""
"page","-","/app/pro/[businessId]/references/tags","app/pro/[businessId]/references/tags/page.tsx","0","",""
"page","-","/app/pro/[businessId]/services","app/pro/[businessId]/services/page.tsx","3","src/app/app/pro/[businessId]/services/page.tsx:1:// src/app/app/pro/[businessId]/services/page.tsx || src/app/app/pro/[businessId]/services/[serviceId]/page.tsx:1:// src/app/app/pro/[businessId]/services/[serviceId]/page.tsx || src/app/app/pro/[businessId]/services/[serviceId]/page.tsx:245:            <Link href={`/app/pro/${businessId}/services`}>Retour catalogue</Link>",""
"page","-","/app/pro/[businessId]/services/[serviceId]","app/pro/[businessId]/services/[serviceId]/page.tsx","2","src/app/app/pro/[businessId]/services/page.tsx:1:// src/app/app/pro/[businessId]/services/page.tsx || src/app/app/pro/[businessId]/services/[serviceId]/page.tsx:1:// src/app/app/pro/[businessId]/services/[serviceId]/page.tsx",""
"page","-","/app/pro/[businessId]/settings","app/pro/[businessId]/settings/page.tsx","10","src/components/pro/ProDashboard.tsx:414:    { label: 'Membres', href: `/app/pro/${businessId}/settings/team` }, || src/components/pro/ProDashboard.tsx:415:    { label: 'Paramètres', href: `/app/pro/${businessId}/settings` }, || src/app/app/pro/ProHomeClient.tsx:746:    { label: 'Membres', href: `/app/pro/${businessId}/settings/team` },",""
"page","-","/app/pro/[businessId]/settings/billing","app/pro/[businessId]/settings/billing/page.tsx","0","",""
"page","-","/app/pro/[businessId]/settings/integrations","app/pro/[businessId]/settings/integrations/page.tsx","0","",""
"page","-","/app/pro/[businessId]/settings/permissions","app/pro/[businessId]/settings/permissions/page.tsx","0","",""
"page","-","/app/pro/[businessId]/settings/taxes","app/pro/[businessId]/settings/taxes/page.tsx","0","",""
"page","-","/app/pro/[businessId]/settings/team","app/pro/[businessId]/settings/team/page.tsx","3","src/components/pro/ProDashboard.tsx:414:    { label: 'Membres', href: `/app/pro/${businessId}/settings/team` }, || src/app/app/pro/ProHomeClient.tsx:746:    { label: 'Membres', href: `/app/pro/${businessId}/settings/team` }, || src/app/app/pro/[businessId]/settings/team/page.tsx:1:// src/app/app/pro/[businessId]/settings/team/page.tsx",""
"page","-","/app/pro/[businessId]/stock","app/pro/[businessId]/stock/page.tsx","5","src/app/app/pro/[businessId]/stock/page.tsx:1:// src/app/app/pro/[businessId]/stock/page.tsx || src/app/app/pro/[businessId]/stock/page.tsx:272:                    <Link href={`/app/pro/${businessId}/stock/${p.id}`}> || src/app/app/pro/[businessId]/stock/[productId]/page.tsx:1:// src/app/app/pro/[businessId]/stock/[productId]/page.tsx",""
"page","-","/app/pro/[businessId]/stock/[productId]","app/pro/[businessId]/stock/[productId]/page.tsx","3","src/app/app/pro/[businessId]/stock/page.tsx:1:// src/app/app/pro/[businessId]/stock/page.tsx || src/app/app/pro/[businessId]/stock/page.tsx:272:                    <Link href={`/app/pro/${businessId}/stock/${p.id}`}> || src/app/app/pro/[businessId]/stock/[productId]/page.tsx:1:// src/app/app/pro/[businessId]/stock/[productId]/page.tsx",""
"page","-","/app/pro/[businessId]/tasks","app/pro/[businessId]/tasks/page.tsx","7","src/components/pro/ProDashboard.tsx:272:                  <Link href={`/app/pro/${businessId}/tasks`}>Voir tâches</Link> || src/components/pro/ProDashboard.tsx:294:                <QuickLink href={`/app/pro/${businessId}/tasks`} label=""""Voir les tâches"""" /> || src/app/app/pro/[businessId]/tasks/[taskId]/page.tsx:1:// src/app/app/pro/[businessId]/tasks/[taskId]/page.tsx",""
"page","-","/app/pro/[businessId]/tasks/[taskId]","app/pro/[businessId]/tasks/[taskId]/page.tsx","3","src/app/app/pro/[businessId]/tasks/[taskId]/page.tsx:1:// src/app/app/pro/[businessId]/tasks/[taskId]/page.tsx || src/app/app/pro/[businessId]/tasks/page.tsx:1:// src/app/app/pro/[businessId]/tasks/page.tsx || src/app/app/pro/[businessId]/tasks/page.tsx:486:                        <Link href={`/app/pro/${businessId}/tasks/${task.id}`} className=""""hover:underline"""">",""
"page","-","/app/pro/businesses","app/pro/businesses/page.tsx","2","src/app/app/pro/businesses/page.tsx:1:// src/app/app/pro/businesses/page.tsx || src/app/app/pro/businesses/[businessId]/page.tsx:1:// src/app/app/pro/businesses/[businessId]/page.tsx",""
"page","-","/app/pro/businesses/[businessId]","app/pro/businesses/[businessId]/page.tsx","2","src/app/app/pro/businesses/page.tsx:1:// src/app/app/pro/businesses/page.tsx || src/app/app/pro/businesses/[businessId]/page.tsx:1:// src/app/app/pro/businesses/[businessId]/page.tsx",""
"page","-","/contact","(marketing)/contact/page.tsx","6","src/components/marketing/MarketingHeader.tsx:12:  { href: '/contact', label: 'Contact' }, || src/components/marketing/MarketingFooter.tsx:9:  { href: '/contact', label: 'Contact' }, || src/app/(marketing)/pricing/page.tsx:57:            <Link href=""""/contact"""">Nous contacter</Link>",""
"page","-","/features","(marketing)/features/page.tsx","4","src/components/marketing/MarketingHeader.tsx:9:  { href: '/features', label: 'Fonctionnalités' }, || src/components/marketing/MarketingFooter.tsx:5:  { href: '/features', label: 'Fonctionnalités' }, || src/app/sitemap.ts:7:  '/features',",""
"page","-","/legal/cookies","(marketing)/legal/cookies/page.tsx","2","src/components/marketing/MarketingFooter.tsx:15:  { href: '/legal/cookies', label: 'Cookies' }, || src/app/sitemap.ts:14:  '/legal/cookies',",""
"page","-","/legal/privacy","(marketing)/legal/privacy/page.tsx","2","src/components/marketing/MarketingFooter.tsx:14:  { href: '/legal/privacy', label: 'Confidentialité' }, || src/app/sitemap.ts:13:  '/legal/privacy',",""
"page","-","/legal/terms","(marketing)/legal/terms/page.tsx","2","src/components/marketing/MarketingFooter.tsx:13:  { href: '/legal/terms', label: 'Conditions' }, || src/app/sitemap.ts:12:  '/legal/terms',",""
"page","-","/login","login/page.tsx","35","src/lib/apiClient.ts:63:      window.location.href = `/login?from=${encodeURIComponent(from)}`; || src/proxy.ts:18:  const loginUrl = new URL('/login', request.url); || src/components/marketing/MarketingHeader.tsx:43:            <Link href=""""/login"""">Se connecter</Link>",""
"page","-","/pricing","(marketing)/pricing/page.tsx","6","src/components/marketing/MarketingHeader.tsx:10:  { href: '/pricing', label: 'Tarifs' }, || src/components/marketing/MarketingFooter.tsx:6:  { href: '/pricing', label: 'Tarifs' }, || src/app/sitemap.ts:8:  '/pricing',",""
"page","-","/register","register/page.tsx","10","src/components/marketing/MarketingHeader.tsx:46:            <Link href=""""/register"""">Créer un compte</Link> || src/app/sitemap.ts:16:  '/register', || src/app/register/page.tsx:1:// src/app/register/page.tsx",""
"page","-","/security","(marketing)/security/page.tsx","153","src/components/marketing/MarketingHeader.tsx:11:  { href: '/security', label: 'Sécurité' }, || src/components/marketing/MarketingFooter.tsx:7:  { href: '/security', label: 'Sécurité' }, || src/app/sitemap.ts:9:  '/security',",""
